id,UTC_date,latitude,longitude,depth,magnitude,region
624203,"2017-10-15 00:05:47.1",38.35,-122.38,7,2.1,"NORTHERN CALIFORNIA"
624205,"2017-10-15 00:31:46.0",-32.01,-70.19,118,3.0,"SAN JUAN - ARGENTINA"
624208,"2017-10-15 00:53:27.0",-26.25,-70.82,23,3.0,"OFFSHORE ATACAMA - CHILE"
624424,"2017-10-15 00:57:54.9",38.68,76.19,10,4.4,"SOUTHERN XINJIANG - CHINA"
624227,"2017-10-15 01:27:56.9",36.94,27.67,7,2.2,"DODECANESE IS.-TURKEY BORDER REG"
624217,"2017-10-15 01:39:41.7",38.87,25.91,8,2.4,"AEGEAN SEA"
624211,"2017-10-15 01:41:52.2",46.91,-112.51,9,4.0,"WESTERN MONTANA"
624212,"2017-10-15 01:43:44.2",35.22,-97.7,7,2.4,OKLAHOMA
624298,"2017-10-15 02:06:09.0",46.9,-112.51,8,2.2,"WESTERN MONTANA"
624216,"2017-10-15 02:20:11.8",41.94,142.22,68,4.4,"HOKKAIDO - JAPAN REGION"
624215,"2017-10-15 02:24:48.7",46.91,-112.51,9,3.6,"WESTERN MONTANA"
624218,"2017-10-15 02:42:30.0",9.89,-86.3,15,3.3,"OFF COAST OF COSTA RICA"
624220,"2017-10-15 02:48:56.7",36.46,-98.77,7,2.8,OKLAHOMA
624706,"2017-10-15 02:53:44.4",37.35,20.51,10,2.2,"IONIAN SEA"
624219,"2017-10-15 02:54:56.5",-22.82,-68.88,109,4.6,"ANTOFAGASTA - CHILE"
624221,"2017-10-15 03:12:43.7",37.38,16.34,25,2.4,"IONIAN SEA"
624222,"2017-10-15 03:17:41.0",40.82,14.43,2,2.5,"SOUTHERN ITALY"
624223,"2017-10-15 03:42:45.7",34.97,26.56,10,4.0,"CRETE - GREECE"
624225,"2017-10-15 03:51:48.0",-21.39,-68.73,116,3.0,"ANTOFAGASTA - CHILE"
624226,"2017-10-15 04:14:38.3",39.22,26.69,8,2.4,"NEAR THE COAST OF WESTERN TURKEY"
624232,"2017-10-15 04:21:13.0",-30.36,-72.19,28,3.0,"OFFSHORE COQUIMBO - CHILE"
624229,"2017-10-15 04:26:19.3",15.39,-93.96,47,4.2,"OFFSHORE CHIAPAS - MEXICO"
625234,"2017-10-15 04:37:51.8",61.11,-150.62,35,2.5,"SOUTHERN ALASKA"
624233,"2017-10-15 05:21:53.2",36.89,27.26,2,2.7,"DODECANESE IS.-TURKEY BORDER REG"
624290,"2017-10-15 05:48:39.5",38.04,20.27,21,2.1,GREECE
624237,"2017-10-15 06:08:03.1",36.9,27.56,8,2.8,"DODECANESE IS.-TURKEY BORDER REG"
624295,"2017-10-15 06:12:08.0",38.72,20.6,10,2.6,GREECE
624234,"2017-10-15 06:14:19.6",37.61,38.47,7,2.0,"EASTERN TURKEY"
624235,"2017-10-15 06:26:17.7",32.52,-116.97,12,2.8,"TIJUANA AREA - BAJA CALIF - MEXICO"
624242,"2017-10-15 06:33:57.2",49.31,155.23,72,4.6,"KURIL ISLANDS"
624239,"2017-10-15 06:36:20.2",19.43,-155.31,6,3.6,"ISLAND OF HAWAII - HAWAII"
624351,"2017-10-15 06:50:30.7",56.55,-168.36,30,4.2,"PRIBILOF ISLANDS - ALASKA REGION"
624244,"2017-10-15 07:09:36.3",38.46,22.37,3,2.4,GREECE
624478,"2017-10-15 07:48:20.5",42.6,-111.42,6,2.4,"SOUTHERN IDAHO"
624247,"2017-10-15 07:56:10.0",-17.94,-69.77,130,3.4,"TARAPACA - CHILE"
624315,"2017-10-15 09:05:22.0",16.45,-94.98,52,3.9,"OAXACA - MEXICO"
624251,"2017-10-15 09:07:47.0",-22.46,-69.05,96,3.0,"ANTOFAGASTA - CHILE"
624314,"2017-10-15 09:42:10.0",16.88,-99.75,26,3.2,"GUERRERO - MEXICO"
624313,"2017-10-15 09:45:55.0",16.43,-94.95,71,3.7,"OAXACA - MEXICO"
624312,"2017-10-15 09:47:28.0",15.83,-94.96,20,4.0,"OFFSHORE OAXACA - MEXICO"
624265,"2017-10-15 09:49:33.0",-11.91,-76.33,19,3.5,"CENTRAL PERU"
624254,"2017-10-15 09:49:41.9",36.93,27.66,5,2.8,"DODECANESE IS.-TURKEY BORDER REG"
624259,"2017-10-15 09:51:47.4",37.0,16.37,15,3.5,"IONIAN SEA"
624311,"2017-10-15 10:00:42.0",16.43,-95.21,38,3.8,"OAXACA - MEXICO"
624261,"2017-10-15 10:16:25.9",35.83,-90.12,17,3.6,ARKANSAS
624263,"2017-10-15 10:25:59.0",-20.13,-69.13,94,3.8,"TARAPACA - CHILE"
624262,"2017-10-15 10:29:44.5",19.43,-155.31,6,2.0,"ISLAND OF HAWAII - HAWAII"
624318,"2017-10-15 10:38:15.0",17.39,-100.95,43,3.8,"GUERRERO - MEXICO"
624788,"2017-10-15 10:43:09.9",36.65,140.62,68,4.0,"NEAR EAST COAST OF HONSHU - JAPAN"
624319,"2017-10-15 10:45:32.0",16.62,-94.87,46,3.6,"OAXACA - MEXICO"
624272,"2017-10-15 10:47:04.0",16.7,-94.68,10,4.0,"OAXACA - MEXICO"
624271,"2017-10-15 10:59:13.5",-32.2,-72.77,3,4.9,"OFF COAST OF VALPARAISO - CHILE"
624317,"2017-10-15 11:05:07.0",16.79,-99.66,6,3.0,"GUERRERO - MEXICO"
624316,"2017-10-15 11:23:39.0",16.48,-98.56,20,3.0,"GUERRERO - MEXICO"
624275,"2017-10-15 11:31:52.1",51.52,16.11,1,2.3,POLAND
624277,"2017-10-15 11:33:56.4",42.61,-111.46,3,3.3,"SOUTHERN IDAHO"
624282,"2017-10-15 11:38:11.0",40.8,47.07,27,3.2,AZERBAIJAN
624279,"2017-10-15 11:48:47.0",-25.41,-70.7,74,3.0,"OFFSHORE ANTOFAGASTA - CHILE"
624280,"2017-10-15 12:01:50.9",34.9,24.96,15,2.9,"CRETE - GREECE"
624281,"2017-10-15 12:18:11.0",63.1,-151.45,3,3.0,"CENTRAL ALASKA"
624286,"2017-10-15 12:22:33.9",35.93,29.64,2,2.8,"EASTERN MEDITERRANEAN SEA"
624288,"2017-10-15 12:28:53.0",-8.15,107.9,28,4.5,"JAVA - INDONESIA"
624289,"2017-10-15 12:44:57.0",15.42,-94.99,20,4.4,"OFFSHORE OAXACA - MEXICO"
624291,"2017-10-15 12:54:14.0",15.92,-95.25,50,4.0,"OFFSHORE OAXACA - MEXICO"
624292,"2017-10-15 13:08:24.8",42.97,13.03,8,2.2,"CENTRAL ITALY"
624294,"2017-10-15 13:20:01.7",32.84,-115.63,14,3.0,"SOUTHERN CALIFORNIA"
624297,"2017-10-15 13:26:37.5",42.56,-111.42,7,2.6,"SOUTHERN IDAHO"
624370,"2017-10-15 13:26:46.0",-35.12,144.51,2,2.1,"NEW SOUTH WALES - AUSTRALIA"
624299,"2017-10-15 13:27:11.9",13.48,-90.17,49,4.2,"OFFSHORE EL SALVADOR"
624303,"2017-10-15 13:35:45.1",26.12,129.81,10,5.0,"RYUKYU ISLANDS - JAPAN"
624307,"2017-10-15 14:13:57.4",44.4,-115.41,13,3.0,"SOUTHERN IDAHO"
624300,"2017-10-15 14:16:21.0",37.61,12.37,24,3.0,"SICILY - ITALY"
624301,"2017-10-15 14:19:24.1",45.4,84.83,1,4.0,"NORTHERN XINJIANG - CHINA"
624302,"2017-10-15 14:33:25.0",15.71,-94.89,18,4.1,"OFFSHORE OAXACA - MEXICO"
624305,"2017-10-15 14:34:30.0",38.58,14.47,18,2.8,"SICILY - ITALY"
624306,"2017-10-15 14:58:51.6",33.46,-116.44,5,2.1,"SOUTHERN CALIFORNIA"
624308,"2017-10-15 15:08:28.0",16.38,-95.22,67,4.0,"OAXACA - MEXICO"
624558,"2017-10-15 15:24:39.9",42.56,-111.42,9,2.5,"SOUTHERN IDAHO"
625354,"2017-10-15 16:09:25.5",63.18,-172.3,32,3.7,"BERING SEA"
624321,"2017-10-15 16:11:51.8",42.92,12.63,9,2.1,"CENTRAL ITALY"
624324,"2017-10-15 16:12:35.4",-23.12,-66.91,260,3.9,"JUJUY - ARGENTINA"
624327,"2017-10-15 16:23:31.2",36.6,34.43,5,2.1,"CENTRAL TURKEY"
624754,"2017-10-15 16:34:39.8",42.56,-111.41,6,2.1,"SOUTHERN IDAHO"
624560,"2017-10-15 16:39:20.2",42.56,-111.41,8,2.1,"SOUTHERN IDAHO"
625353,"2017-10-15 16:41:45.4",52.29,-175.68,180,3.0,"ANDREANOF ISLANDS - ALEUTIAN IS."
624328,"2017-10-15 16:43:32.6",42.83,13.08,8,3.2,"CENTRAL ITALY"
624331,"2017-10-15 16:51:16.1",35.21,-97.72,9,2.3,OKLAHOMA
624330,"2017-10-15 17:15:46.0",42.8,13.14,10,2.1,"CENTRAL ITALY"
624332,"2017-10-15 17:29:53.4",34.21,-119.49,9,2.5,"SANTA BARBARA CHANNEL - CALIF."
624761,"2017-10-15 17:35:01.0",42.55,-111.42,7,2.2,"SOUTHERN IDAHO"
624334,"2017-10-15 17:45:21.8",35.91,29.63,7,2.3,"EASTERN MEDITERRANEAN SEA"
624333,"2017-10-15 17:52:23.0",16.41,-95.23,67,4.0,"OAXACA - MEXICO"
624335,"2017-10-15 18:00:19.7",35.94,29.63,6,2.4,"EASTERN MEDITERRANEAN SEA"
624339,"2017-10-15 18:15:25.9",45.4,26.2,132,2.8,ROMANIA
624337,"2017-10-15 18:35:35.0",5.11,-78.18,32,3.3,"SOUTH OF PANAMA"
624338,"2017-10-15 18:39:35.8",36.93,27.67,7,2.7,"DODECANESE IS.-TURKEY BORDER REG"
624344,"2017-10-15 19:04:14.5",-18.87,169.32,245,4.6,VANUATU
624597,"2017-10-15 19:37:06.1",41.85,-126.96,6,3.2,"OFF COAST OF NORTHERN CALIFORNIA"
624468,"2017-10-15 19:49:27.7",46.93,-112.74,14,2.5,"WESTERN MONTANA"
624341,"2017-10-15 20:08:13.0",40.0,16.17,30,2.0,"SOUTHERN ITALY"
624342,"2017-10-15 20:26:19.9",39.23,28.12,7,2.4,"WESTERN TURKEY"
624346,"2017-10-15 20:49:22.0",-29.64,-71.12,57,3.2,"COQUIMBO - CHILE"
624348,"2017-10-15 21:17:36.0",43.01,13.06,9,2.2,"CENTRAL ITALY"
624350,"2017-10-15 21:29:14.0",-29.44,-71.19,54,3.8,"COQUIMBO - CHILE"
624352,"2017-10-15 22:08:59.0",18.08,-100.04,55,4.0,"GUERRERO - MEXICO"
624353,"2017-10-15 22:20:02.0",47.71,15.8,10,2.2,AUSTRIA
624371,"2017-10-15 22:20:05.0",-8.12,115.35,10,3.2,"BALI REGION - INDONESIA"
624369,"2017-10-15 22:32:11.7",36.98,36.15,7,2.1,"TURKEY-SYRIA BORDER REGION"
624354,"2017-10-15 22:32:59.0",36.65,-11.15,32,2.0,"AZORES-CAPE ST. VINCENT RIDGE"
624356,"2017-10-15 22:44:48.9",47.0,-2.28,5,3.5,FRANCE
624362,"2017-10-15 23:08:46.7",38.81,-122.82,2,2.0,"NORTHERN CALIFORNIA"
624365,"2017-10-15 23:20:40.5",19.33,-155.2,2,2.0,"ISLAND OF HAWAII - HAWAII"
624368,"2017-10-15 23:36:34.0",-21.87,-68.59,109,3.7,"ANTOFAGASTA - CHILE"
624367,"2017-10-15 23:45:15.0",36.54,-121.12,3,2.1,"CENTRAL CALIFORNIA"
624381,"2017-10-16 00:02:52.0",-30.43,117.74,17,2.1,"WESTERN AUSTRALIA"
624372,"2017-10-16 00:06:05.2",59.59,-152.9,100,2.1,"SOUTHERN ALASKA"
624373,"2017-10-16 00:19:37.4",-18.6,-69.92,100,3.9,"TARAPACA - CHILE"
624374,"2017-10-16 00:24:38.0",6.76,-73.15,145,2.8,"NORTHERN COLOMBIA"
624378,"2017-10-16 00:27:28.2",46.53,150.37,176,4.3,"KURIL ISLANDS"
624375,"2017-10-16 00:38:21.7",39.09,30.19,12,2.2,"WESTERN TURKEY"
624377,"2017-10-16 01:02:15.2",39.09,35.88,7,2.2,"CENTRAL TURKEY"
624382,"2017-10-16 01:33:30.0",10.17,-83.93,17,3.3,"COSTA RICA"
624379,"2017-10-16 01:35:34.5",42.56,-111.41,8,3.6,"SOUTHERN IDAHO"
624461,"2017-10-16 01:41:29.6",42.56,-111.41,9,2.8,"SOUTHERN IDAHO"
624389,"2017-10-16 01:51:34.3",47.95,80.39,10,3.8,"EASTERN KAZAKHSTAN"
624396,"2017-10-16 01:53:02.0",-3.6,102.58,1,3.3,"SOUTHERN SUMATRA - INDONESIA"
624388,"2017-10-16 02:09:00.0",36.23,1.65,10,4.0,"NORTHERN ALGERIA"
624406,"2017-10-16 02:25:32.9",38.02,20.15,14,2.4,GREECE
624392,"2017-10-16 02:29:57.1",35.59,27.93,12,2.0,"DODECANESE ISLANDS - GREECE"
624391,"2017-10-16 02:46:36.3",34.78,24.87,10,2.4,"CRETE - GREECE"
624413,"2017-10-16 02:47:26.2",36.89,27.08,13,2.8,"DODECANESE IS.-TURKEY BORDER REG"
624817,"2017-10-16 02:47:42.5",36.45,-98.77,8,2.3,OKLAHOMA
624394,"2017-10-16 02:54:44.7",36.98,27.16,12,2.6,"DODECANESE IS.-TURKEY BORDER REG"
624395,"2017-10-16 03:04:55.2",38.2,20.73,1,2.7,GREECE
624398,"2017-10-16 03:16:20.2",42.56,-111.42,9,2.7,"SOUTHERN IDAHO"
624401,"2017-10-16 03:22:49.1",42.56,-111.42,8,2.6,"SOUTHERN IDAHO"
624397,"2017-10-16 03:25:40.0",15.23,-94.78,11,4.3,"OFF COAST OF OAXACA - MEXICO"
624402,"2017-10-16 03:41:03.4",40.84,21.32,2,2.2,GREECE
624400,"2017-10-16 03:44:31.0",15.12,-94.46,16,4.1,"OFF COAST OF CHIAPAS - MEXICO"
624399,"2017-10-16 03:45:58.6",41.86,14.18,16,2.7,"SOUTHERN ITALY"
624451,"2017-10-16 04:16:30.0",8.49,-83.18,14,3.2,"COSTA RICA"
624403,"2017-10-16 04:32:59.8",38.12,41.36,5,2.4,"EASTERN TURKEY"
624412,"2017-10-16 04:54:10.0",42.56,-111.41,7,2.7,"SOUTHERN IDAHO"
624408,"2017-10-16 05:28:09.4",45.93,-123.49,21,3.4,OREGON
624419,"2017-10-16 06:37:41.3",-20.85,-177.75,494,4.6,"FIJI REGION"
624471,"2017-10-16 06:58:09.9",-28.82,-67.43,157,4.3,"LA RIOJA - ARGENTINA"
624422,"2017-10-16 07:03:00.0",36.23,1.65,10,3.2,"NORTHERN ALGERIA"
624417,"2017-10-16 07:06:40.0",3.51,-75.63,4,2.3,COLOMBIA
624420,"2017-10-16 07:23:48.8",36.97,27.39,10,3.6,"DODECANESE IS.-TURKEY BORDER REG"
624421,"2017-10-16 07:27:58.8",61.58,-149.57,28,3.0,"SOUTHERN ALASKA"
624423,"2017-10-16 07:28:36.0",5.64,-73.88,133,3.6,COLOMBIA
624428,"2017-10-16 08:57:47.4",36.97,27.66,4,2.9,"DODECANESE IS.-TURKEY BORDER REG"
624431,"2017-10-16 09:24:55.3",36.92,27.31,5,2.2,"DODECANESE IS.-TURKEY BORDER REG"
624434,"2017-10-16 09:36:13.2",38.85,25.95,10,2.3,"AEGEAN SEA"
624485,"2017-10-16 09:54:36.0",16.52,-95.11,57,3.7,"OAXACA - MEXICO"
624436,"2017-10-16 10:00:21.7",39.62,24.2,32,2.6,"AEGEAN SEA"
624484,"2017-10-16 10:01:07.0",14.59,-93.59,22,3.8,"OFF COAST OF CHIAPAS - MEXICO"
624483,"2017-10-16 10:06:38.0",15.13,-93.82,16,3.7,"OFFSHORE CHIAPAS - MEXICO"
624482,"2017-10-16 10:12:30.0",14.92,-94.28,21,4.0,"OFF COAST OF CHIAPAS - MEXICO"
624440,"2017-10-16 10:20:05.9",42.82,13.08,9,2.0,"CENTRAL ITALY"
624481,"2017-10-16 10:51:58.0",15.43,-98.78,15,3.8,"OFF COAST OF OAXACA - MEXICO"
624444,"2017-10-16 10:53:59.7",37.03,27.71,7,2.1,"WESTERN TURKEY"
624480,"2017-10-16 10:54:55.0",17.81,-96.42,85,3.8,"OAXACA - MEXICO"
624447,"2017-10-16 11:07:53.0",-30.65,-71.35,54,3.0,"COQUIMBO - CHILE"
624493,"2017-10-16 11:08:41.0",16.63,-95.03,114,3.6,"OAXACA - MEXICO"
624492,"2017-10-16 11:11:32.0",14.99,-93.1,79,3.7,"OFFSHORE CHIAPAS - MEXICO"
624545,"2017-10-16 11:31:01.6",42.62,-111.46,2,2.2,"SOUTHERN IDAHO"
624491,"2017-10-16 11:31:02.0",16.65,-95.1,93,3.5,"OAXACA - MEXICO"
624490,"2017-10-16 11:32:33.0",13.64,-92.57,10,3.9,"OFF THE COAST OF GUATEMALA"
624489,"2017-10-16 11:46:08.0",15.01,-94.39,16,3.9,"OFF COAST OF CHIAPAS - MEXICO"
624448,"2017-10-16 11:53:03.2",42.83,13.11,10,2.8,"CENTRAL ITALY"
624476,"2017-10-16 12:00:54.0",0.38,-78.26,2,3.3,"COLOMBIA-ECUADOR BORDER REGION"
624449,"2017-10-16 12:02:38.2",-5.56,147.35,192,5.0,"EASTERN NEW GUINEA REG. - P.N.G."
624487,"2017-10-16 12:11:25.0",15.59,-95.38,53,3.9,"OFFSHORE OAXACA - MEXICO"
624450,"2017-10-16 12:21:06.0",-31.48,-69.67,153,4.3,"SAN JUAN - ARGENTINA"
624486,"2017-10-16 12:28:55.0",15.89,-95.1,14,3.9,"OFFSHORE OAXACA - MEXICO"
624488,"2017-10-16 12:34:50.0",14.05,-93.1,14,3.6,"OFF COAST OF CHIAPAS - MEXICO"
624452,"2017-10-16 12:47:21.7",31.21,142.08,10,4.8,"IZU ISLANDS - JAPAN REGION"
624479,"2017-10-16 12:58:39.0",16.04,-95.86,53,3.7,"OAXACA - MEXICO"
624455,"2017-10-16 13:03:08.9",40.26,77.04,40,4.6,"SOUTHERN XINJIANG - CHINA"
624454,"2017-10-16 13:22:49.8",42.75,13.18,11,2.9,"CENTRAL ITALY"
624457,"2017-10-16 13:54:37.9",63.14,-172.4,10,4.5,"BERING SEA"
624456,"2017-10-16 13:55:28.7",33.45,-117.68,4,2.2,"GULF OF SANTA CATALINA - CALIF."
624458,"2017-10-16 14:16:42.2",38.81,-122.81,2,2.1,"NORTHERN CALIFORNIA"
624460,"2017-10-16 14:27:21.0",37.36,-121.26,11,2.5,"NORTHERN CALIFORNIA"
624464,"2017-10-16 14:44:40.3",57.72,-155.06,64,3.4,"ALASKA PENINSULA"
624472,"2017-10-16 14:44:47.4",37.03,28.09,7,2.1,"WESTERN TURKEY"
624470,"2017-10-16 14:52:05.2",40.51,-123.06,33,2.2,"NORTHERN CALIFORNIA"
624475,"2017-10-16 15:10:15.4",37.34,30.48,80,2.7,"WESTERN TURKEY"
624477,"2017-10-16 15:17:13.0",-20.43,-68.99,100,3.0,"TARAPACA - CHILE"
624496,"2017-10-16 15:45:15.7",16.0,-95.02,30,4.3,"OFFSHORE OAXACA - MEXICO"
624497,"2017-10-16 16:12:08.2",38.05,43.01,19,2.3,"EASTERN TURKEY"
624499,"2017-10-16 17:02:12.3",37.57,22.65,59,2.2,"SOUTHERN GREECE"
624498,"2017-10-16 17:21:59.6",35.79,25.58,30,2.7,"CRETE - GREECE"
624501,"2017-10-16 17:40:48.0",-21.91,-68.58,125,3.6,"ANTOFAGASTA - CHILE"
624523,"2017-10-16 17:51:09.1",19.7,-157.47,16,4.0,"HAWAIIAN ISLANDS REGION"
624639,"2017-10-16 17:59:04.7",-22.16,-178.99,570,4.7,"SOUTH OF FIJI ISLANDS"
624503,"2017-10-16 18:08:28.8",1.04,-27.93,10,4.9,"CENTRAL MID-ATLANTIC RIDGE"
624505,"2017-10-16 18:09:23.6",-23.72,-175.43,10,5.4,"TONGA REGION"
624504,"2017-10-16 18:13:32.9",36.3,-98.17,6,2.6,OKLAHOMA
624511,"2017-10-16 18:20:00.7",-23.8,-175.73,10,5.1,"TONGA REGION"
624516,"2017-10-16 18:22:53.0",38.83,26.41,7,2.1,"NEAR THE COAST OF WESTERN TURKEY"
624512,"2017-10-16 18:36:41.9",-23.83,-175.44,10,5.3,"TONGA REGION"
624568,"2017-10-16 18:41:43.3",39.66,23.83,24,2.0,"AEGEAN SEA"
624519,"2017-10-16 18:59:06.2",42.5,13.33,12,2.6,"CENTRAL ITALY"
624521,"2017-10-16 19:08:57.5",37.71,26.87,12,2.3,"DODECANESE ISLANDS - GREECE"
624564,"2017-10-16 19:16:24.5",36.94,21.08,20,2.1,"SOUTHERN GREECE"
624522,"2017-10-16 19:29:36.0",-35.37,-74.06,10,5.0,"OFF COAST OF MAULE - CHILE"
624537,"2017-10-16 19:33:04.8",42.57,-111.41,7,2.2,"SOUTHERN IDAHO"
624524,"2017-10-16 19:42:59.2",38.58,43.62,7,2.1,"EASTERN TURKEY"
624525,"2017-10-16 19:56:31.0",-23.95,-69.34,87,3.2,"ANTOFAGASTA - CHILE"
624526,"2017-10-16 19:59:35.0",15.1,-93.14,79,4.2,"OFFSHORE CHIAPAS - MEXICO"
624529,"2017-10-16 20:03:10.1",-23.8,-175.5,10,5.1,"TONGA REGION"
624528,"2017-10-16 20:05:17.6",-10.33,161.61,70,4.9,"SOLOMON ISLANDS"
624530,"2017-10-16 20:06:06.0",16.42,-95.07,75,4.1,"OAXACA - MEXICO"
624532,"2017-10-16 20:21:03.3",38.38,34.93,2,2.0,"CENTRAL TURKEY"
624535,"2017-10-16 20:29:15.9",18.33,-67.0,19,3.3,"PUERTO RICO"
625115,"2017-10-16 20:31:04.1",37.86,21.42,22,2.3,"SOUTHERN GREECE"
624557,"2017-10-16 21:42:54.3",38.01,-122.23,6,2.0,"SAN FRANCISCO BAY AREA - CALIF."
624562,"2017-10-16 21:54:48.7",-16.84,-69.65,215,4.2,"SOUTHERN PERU"
624561,"2017-10-16 22:15:14.6",39.32,25.49,1,2.6,"AEGEAN SEA"
624566,"2017-10-16 22:37:06.0",-24.21,-67.4,198,3.0,"SALTA - ARGENTINA"
624565,"2017-10-16 22:38:44.4",51.44,16.08,1,2.5,POLAND
624567,"2017-10-16 22:46:14.0",16.06,-95.07,46,4.1,"OFFSHORE OAXACA - MEXICO"
624570,"2017-10-16 22:54:35.0",17.12,-99.56,50,4.2,"GUERRERO - MEXICO"
624569,"2017-10-16 22:58:30.0",9.37,-84.44,39,3.4,"COSTA RICA"
624598,"2017-10-16 23:01:21.4",42.55,-111.44,11,3.0,"SOUTHERN IDAHO"
625443,"2017-10-16 23:15:47.5",54.23,-160.99,40,2.5,"ALASKA PENINSULA"
624571,"2017-10-16 23:27:56.4",38.7,38.1,7,2.3,"EASTERN TURKEY"
624584,"2017-10-16 23:52:18.9",-23.88,-175.78,10,4.8,"TONGA REGION"
624599,"2017-10-16 23:53:35.9",43.66,43.51,10,3.3,"CAUCASUS REGION - RUSSIA"
624576,"2017-10-17 00:02:00.4",39.82,-123.3,6,2.4,"NORTHERN CALIFORNIA"
624714,"2017-10-17 00:10:00.4",42.03,-112.5,5,2.3,"SOUTHERN IDAHO"
624583,"2017-10-17 00:16:31.8",38.53,15.33,131,2.0,"SICILY - ITALY"
624587,"2017-10-17 00:17:35.0",-21.19,-68.88,113,3.6,"TARAPACA - CHILE"
624580,"2017-10-17 00:20:14.4",39.82,-123.3,6,2.4,"NORTHERN CALIFORNIA"
624581,"2017-10-17 00:20:57.5",19.21,-155.47,36,2.2,"ISLAND OF HAWAII - HAWAII"
624582,"2017-10-17 00:23:54.1",19.21,-155.47,38,2.2,"ISLAND OF HAWAII - HAWAII"
624617,"2017-10-17 00:25:33.8",38.08,20.39,20,2.1,GREECE
624585,"2017-10-17 00:31:40.3",20.0,-155.78,15,2.2,"HAWAII REGION - HAWAII"
624586,"2017-10-17 00:41:44.1",37.03,27.75,2,2.0,"WESTERN TURKEY"
624589,"2017-10-17 00:47:40.0",16.05,-95.88,50,4.3,"OAXACA - MEXICO"
624588,"2017-10-17 00:53:41.9",39.01,26.06,8,2.4,"NEAR THE COAST OF WESTERN TURKEY"
624595,"2017-10-17 01:08:56.0",15.75,-95.2,20,4.2,"OFFSHORE OAXACA - MEXICO"
624592,"2017-10-17 01:29:41.2",47.57,7.6,15,1.8,SWITZERLAND
624594,"2017-10-17 01:36:34.0",-19.91,-68.74,120,3.0,"TARAPACA - CHILE"
624596,"2017-10-17 01:48:25.8",47.54,7.49,17,1.8,"FRANCE-GERMANY BORDER REGION"
624625,"2017-10-17 01:59:22.6",44.22,41.5,10,3.9,"CAUCASUS REGION - RUSSIA"
624600,"2017-10-17 02:11:43.0",37.64,15.12,2,2.5,"SICILY - ITALY"
624601,"2017-10-17 02:39:41.0",34.14,-117.02,9,2.3,"SOUTHERN CALIFORNIA"
624602,"2017-10-17 02:42:22.9",47.46,7.78,19,1.7,SWITZERLAND
624603,"2017-10-17 02:46:30.4",28.53,52.16,10,3.8,"SOUTHERN IRAN"
624604,"2017-10-17 02:52:09.6",37.27,36.01,2,2.7,"CENTRAL TURKEY"
624619,"2017-10-17 03:35:43.7",43.43,17.51,2,2.6,"BOSNIA AND HERZEGOVINA"
624614,"2017-10-17 04:20:16.0",-36.16,-73.47,20,3.8,"OFFSHORE BIO-BIO - CHILE"
624616,"2017-10-17 04:38:35.8",37.91,22.32,11,2.2,"SOUTHERN GREECE"
624620,"2017-10-17 04:41:00.0",-36.25,-73.67,26,3.8,"OFFSHORE BIO-BIO - CHILE"
624748,"2017-10-17 04:46:56.3",47.65,-123.15,46,2.5,"OLYMPIC PENINSULA - WASHINGTON"
624618,"2017-10-17 05:01:00.0",66.57,-18.05,9,3.1,"ICELAND REGION"
624622,"2017-10-17 05:33:03.4",45.44,6.37,2,2.6,FRANCE
624621,"2017-10-17 05:33:50.0",33.49,-116.8,2,2.0,"SOUTHERN CALIFORNIA"
624624,"2017-10-17 05:43:09.2",36.8,26.46,14,2.5,"DODECANESE ISLANDS - GREECE"
624623,"2017-10-17 05:43:24.0",-32.9,-70.24,119,3.9,"VALPARAISO - CHILE"
624628,"2017-10-17 06:24:23.8",19.2,-155.41,34,2.0,"ISLAND OF HAWAII - HAWAII"
624701,"2017-10-17 06:56:30.0",9.3,-84.53,5,3.7,"COSTA RICA"
624636,"2017-10-17 06:59:15.9",-55.48,-29.65,10,4.6,"SOUTH SANDWICH ISLANDS REGION"
624634,"2017-10-17 07:00:10.9",-16.41,-173.2,20,4.7,TONGA
624635,"2017-10-17 07:08:44.4",39.27,27.72,7,2.1,"WESTERN TURKEY"
624803,"2017-10-17 07:10:34.0",-22.39,130.38,10,3.0,"NORTHERN TERRITORY - AUSTRALIA"
624637,"2017-10-17 07:27:26.4",37.51,-118.82,5,2.2,"CENTRAL CALIFORNIA"
624641,"2017-10-17 07:42:16.0",15.68,-95.31,11,4.2,"OFFSHORE OAXACA - MEXICO"
624645,"2017-10-17 08:24:45.0",16.5,-95.02,9,4.0,"OAXACA - MEXICO"
624646,"2017-10-17 08:58:41.3",39.57,27.77,7,2.0,"WESTERN TURKEY"
624647,"2017-10-17 09:05:16.1",38.27,41.02,7,2.2,"EASTERN TURKEY"
624700,"2017-10-17 09:06:30.0",9.33,-84.52,5,4.1,"COSTA RICA"
624653,"2017-10-17 09:18:37.5",41.13,20.83,3,2.6,"FYR OF MACEDONIA"
624654,"2017-10-17 09:24:01.6",15.69,-94.74,60,4.4,"OFFSHORE OAXACA - MEXICO"
624656,"2017-10-17 09:53:45.2",-20.57,-175.59,160,5.3,TONGA
624729,"2017-10-17 10:10:27.0",15.4,-94.67,16,3.9,"OFFSHORE OAXACA - MEXICO"
624669,"2017-10-17 10:11:26.1",47.68,15.86,1,2.7,AUSTRIA
624728,"2017-10-17 10:13:48.0",14.14,-93.39,10,4.2,"OFF COAST OF CHIAPAS - MEXICO"
624665,"2017-10-17 10:13:59.1",40.53,31.78,9,2.6,"WESTERN TURKEY"
624663,"2017-10-17 10:18:40.3",36.39,-117.87,1,2.1,"CENTRAL CALIFORNIA"
624668,"2017-10-17 10:24:18.1",42.36,78.83,1,3.4,KYRGYZSTAN
624670,"2017-10-17 10:40:41.2",-32.59,-71.07,80,4.1,"VALPARAISO - CHILE"
624727,"2017-10-17 10:53:22.0",16.4,-95.1,53,3.8,"OAXACA - MEXICO"
624671,"2017-10-17 11:02:15.2",35.47,-118.4,9,2.2,"CENTRAL CALIFORNIA"
624726,"2017-10-17 11:02:57.0",16.26,-97.96,5,3.3,"OAXACA - MEXICO"
624725,"2017-10-17 11:11:59.0",16.17,-95.11,7,3.6,"OFFSHORE OAXACA - MEXICO"
624736,"2017-10-17 11:14:46.0",16.43,-95.09,15,3.4,"OAXACA - MEXICO"
624735,"2017-10-17 11:16:44.0",16.55,-95.14,7,3.6,"OAXACA - MEXICO"
624680,"2017-10-17 11:27:59.3",-23.97,-175.49,10,5.1,"TONGA REGION"
624678,"2017-10-17 11:35:12.3",45.47,6.32,2,3.3,FRANCE
624679,"2017-10-17 11:45:42.7",37.64,-118.86,8,2.4,"LONG VALLEY AREA - CALIFORNIA"
624683,"2017-10-17 11:48:43.9",45.4,6.35,2,2.2,FRANCE
624687,"2017-10-17 11:51:27.8",39.08,37.35,7,2.0,"CENTRAL TURKEY"
624686,"2017-10-17 11:52:30.0",15.88,-95.23,10,4.2,"OFFSHORE OAXACA - MEXICO"
624684,"2017-10-17 11:58:28.7",-22.7,-67.58,156,4.8,"POTOSI - BOLIVIA"
624690,"2017-10-17 12:03:44.2",38.95,26.92,15,2.1,"NEAR THE COAST OF WESTERN TURKEY"
624692,"2017-10-17 12:04:15.0",-38.16,145.61,10,2.1,"NEAR S.E. COAST OF AUSTRALIA"
624685,"2017-10-17 12:05:40.0",33.13,-116.66,3,3.1,"SOUTHERN CALIFORNIA"
624734,"2017-10-17 12:05:53.0",17.56,-94.85,124,3.4,"VERACRUZ - MEXICO"
624691,"2017-10-17 12:24:02.7",45.88,6.98,1,1.7,FRANCE
624733,"2017-10-17 12:24:34.0",16.49,-95.91,81,3.4,"OAXACA - MEXICO"
624718,"2017-10-17 12:28:46.8",42.55,-111.42,9,2.2,"SOUTHERN IDAHO"
624694,"2017-10-17 12:34:46.0",38.91,23.31,12,2.3,GREECE
624695,"2017-10-17 12:36:25.8",38.94,44.21,7,2.1,"TURKEY-IRAN BORDER REGION"
624693,"2017-10-17 12:41:56.8",19.25,-155.4,33,2.4,"ISLAND OF HAWAII - HAWAII"
624732,"2017-10-17 12:46:44.0",14.93,-94.38,20,3.9,"OFF COAST OF CHIAPAS - MEXICO"
624731,"2017-10-17 12:49:23.0",16.69,-94.71,20,3.6,"OAXACA - MEXICO"
624698,"2017-10-17 12:51:59.0",-22.25,-68.78,112,3.2,"ANTOFAGASTA - CHILE"
624730,"2017-10-17 12:57:01.0",15.18,-94.26,20,3.9,"OFFSHORE CHIAPAS - MEXICO"
624699,"2017-10-17 13:03:33.0",-23.54,-68.05,143,3.1,"ANTOFAGASTA - CHILE"
624705,"2017-10-17 13:10:33.4",39.68,23.81,20,2.3,"AEGEAN SEA"
624702,"2017-10-17 13:20:08.8",37.99,22.09,3,2.8,"SOUTHERN GREECE"
624704,"2017-10-17 13:26:21.9",38.48,20.45,6,2.5,GREECE
624709,"2017-10-17 13:30:36.5",3.85,95.82,54,4.6,"OFF W COAST OF NORTHERN SUMATRA"
624717,"2017-10-17 13:39:03.8",-15.71,-70.72,210,4.4,"SOUTHERN PERU"
624707,"2017-10-17 13:59:30.0",9.52,-84.53,24,3.1,"COSTA RICA"
624721,"2017-10-17 14:02:31.2",41.25,-127.16,17,2.9,"OFF COAST OF NORTHERN CALIFORNIA"
624710,"2017-10-17 14:12:33.0",-3.66,102.56,1,3.1,"SOUTHERN SUMATRA - INDONESIA"
624712,"2017-10-17 14:57:13.0",46.14,-120.7,10,3.0,WASHINGTON
624738,"2017-10-17 14:58:52.2",41.17,-126.99,8,3.0,"OFF COAST OF NORTHERN CALIFORNIA"
624716,"2017-10-17 15:04:32.0",-31.73,-71.89,42,3.0,"OFFSHORE COQUIMBO - CHILE"
624742,"2017-10-17 15:12:35.8",41.07,-127.45,9,2.8,"OFF COAST OF NORTHERN CALIFORNIA"
624719,"2017-10-17 15:13:46.0",16.0,-95.77,20,4.1,"OAXACA - MEXICO"
624715,"2017-10-17 15:18:29.3",33.28,-115.6,1,2.1,"SOUTHERN CALIFORNIA"
624755,"2017-10-17 15:20:18.3",41.26,-127.02,9,2.8,"OFF COAST OF NORTHERN CALIFORNIA"
624756,"2017-10-17 15:22:13.9",41.28,-127.17,8,2.8,"OFF COAST OF NORTHERN CALIFORNIA"
624720,"2017-10-17 15:30:39.8",35.31,22.95,20,2.9,"CENTRAL MEDITERRANEAN SEA"
624935,"2017-10-17 15:34:00.0",16.51,-95.2,71,3.7,"OAXACA - MEXICO"
624934,"2017-10-17 15:45:22.0",15.18,-94.32,74,3.8,"OFF COAST OF CHIAPAS - MEXICO"
624739,"2017-10-17 15:59:03.0",-30.39,-72.11,24,3.0,"OFFSHORE COQUIMBO - CHILE"
624724,"2017-10-17 16:00:05.5",46.14,-120.71,11,2.5,WASHINGTON
624740,"2017-10-17 16:16:35.6",40.17,31.93,2,2.4,"WESTERN TURKEY"
624737,"2017-10-17 16:17:06.6",33.2,-115.58,3,2.1,"SOUTHERN CALIFORNIA"
624933,"2017-10-17 16:17:35.0",15.27,-94.63,16,3.9,"OFF COAST OF OAXACA - MEXICO"
624932,"2017-10-17 16:25:24.0",16.51,-95.27,82,3.4,"OAXACA - MEXICO"
624744,"2017-10-17 16:26:37.0",-23.91,-67.26,242,3.7,"SALTA - ARGENTINA"
624931,"2017-10-17 16:36:48.0",14.92,-94.08,10,3.9,"OFF COAST OF CHIAPAS - MEXICO"
624743,"2017-10-17 16:41:17.3",35.48,-3.92,10,3.1,"STRAIT OF GIBRALTAR"
624940,"2017-10-17 16:41:48.0",15.43,-95.21,16,3.7,"OFFSHORE OAXACA - MEXICO"
624747,"2017-10-17 16:54:09.3",49.13,147.75,538,4.6,"SEA OF OKHOTSK"
624939,"2017-10-17 17:10:13.0",15.33,-94.34,16,3.6,"OFFSHORE CHIAPAS - MEXICO"
624749,"2017-10-17 17:12:22.0",-25.54,-70.92,30,3.1,"OFFSHORE ANTOFAGASTA - CHILE"
624938,"2017-10-17 17:13:32.0",14.95,-93.2,6,3.9,"OFFSHORE CHIAPAS - MEXICO"
624752,"2017-10-17 17:43:19.6",-24.07,-67.09,237,4.1,"SALTA - ARGENTINA"
624937,"2017-10-17 17:44:28.0",14.97,-94.18,15,3.8,"OFF COAST OF CHIAPAS - MEXICO"
624751,"2017-10-17 17:55:25.3",38.91,23.28,10,2.7,GREECE
624753,"2017-10-17 17:56:26.0",-17.97,-69.42,148,3.2,"TARAPACA - CHILE"
624750,"2017-10-17 17:56:29.9",46.67,8.5,8,1.6,SWITZERLAND
624757,"2017-10-17 18:12:43.8",42.55,-111.42,7,2.7,"SOUTHERN IDAHO"
624908,"2017-10-17 18:19:04.1",34.79,26.11,2,2.7,"CRETE - GREECE"
624936,"2017-10-17 18:30:20.0",15.76,-95.09,22,3.8,"OFFSHORE OAXACA - MEXICO"
624758,"2017-10-17 18:33:13.0",17.03,-94.86,126,4.2,"OAXACA - MEXICO"
624787,"2017-10-17 18:49:02.8",62.34,-149.92,8,3.0,"CENTRAL ALASKA"
624762,"2017-10-17 18:52:36.5",37.79,57.29,10,4.7,"NORTHEASTERN IRAN"
624760,"2017-10-17 18:53:51.5",38.92,23.3,11,2.8,GREECE
624763,"2017-10-17 19:04:52.6",38.91,23.26,13,2.5,GREECE
624769,"2017-10-17 19:32:07.0",-22.39,-68.48,118,3.5,"ANTOFAGASTA - CHILE"
624766,"2017-10-17 19:36:25.5",36.56,-121.15,3,2.1,"CENTRAL CALIFORNIA"
624775,"2017-10-17 19:52:44.0",40.03,-29.85,10,3.2,"AZORES ISLANDS REGION"
624777,"2017-10-17 20:01:46.0",40.1,-29.63,10,3.0,"AZORES ISLANDS REGION"
624782,"2017-10-17 20:05:39.9",38.91,26.32,12,2.2,"NEAR THE COAST OF WESTERN TURKEY"
624955,"2017-10-17 20:07:19.4",42.63,-111.46,6,2.5,"SOUTHERN IDAHO"
624783,"2017-10-17 20:09:32.3",35.96,39.81,7,2.0,SYRIA
624776,"2017-10-17 20:11:39.0",-24.09,-67.41,212,3.3,"SALTA - ARGENTINA"
624832,"2017-10-17 20:16:07.0",33.0,91.96,10,4.3,"SOUTHERN QINGHAI - CHINA"
624965,"2017-10-17 20:25:45.9",54.02,-162.89,1,3.6,"ALASKA PENINSULA"
624780,"2017-10-17 20:32:44.3",38.45,20.48,2,3.1,GREECE
624785,"2017-10-17 20:32:50.4",39.13,39.19,7,2.5,"EASTERN TURKEY"
624848,"2017-10-17 21:04:05.8",34.74,33.45,20,2.0,"CYPRUS REGION"
624786,"2017-10-17 21:08:11.0",-32.14,-70.37,131,3.7,"COQUIMBO - CHILE"
624791,"2017-10-17 21:38:31.7",28.34,57.26,25,3.5,"SOUTHERN IRAN"
624790,"2017-10-17 21:41:26.5",43.54,-71.59,0,2.1,"NEW HAMPSHIRE"
624789,"2017-10-17 21:46:37.6",38.78,-122.75,-1,2.9,"NORTHERN CALIFORNIA"
624792,"2017-10-17 21:51:13.0",6.76,-73.15,146,2.6,"NORTHERN COLOMBIA"
624793,"2017-10-17 22:25:19.0",2.98,-75.99,0,3.2,COLOMBIA
624808,"2017-10-17 22:41:26.2",45.64,26.33,72,2.6,ROMANIA
624795,"2017-10-17 22:55:38.8",19.4,-155.98,5,2.3,"ISLAND OF HAWAII - HAWAII"
624810,"2017-10-17 22:59:37.6",41.68,-124.93,35,2.3,"OFFSHORE NORTHERN CALIFORNIA"
624796,"2017-10-17 23:03:40.1",12.69,-87.88,80,4.8,"NEAR COAST OF NICARAGUA"
625445,"2017-10-17 23:10:41.0",47.74,-69.92,25,2.7,"ST. LAWRENCE VALLEY REG. - CANADA"
624797,"2017-10-17 23:23:55.9",15.28,-94.05,47,4.2,"OFFSHORE CHIAPAS - MEXICO"
624799,"2017-10-17 23:28:53.0",37.97,-118.66,8,2.0,"CENTRAL CALIFORNIA"
625467,"2017-10-17 23:33:49.1",38.47,20.45,1,2.4,GREECE
624899,"2017-10-17 23:40:59.0",36.55,-83.78,18,2.4,"EASTERN TENNESSEE"
624801,"2017-10-17 23:42:50.0",-16.92,-69.71,190,3.0,"SOUTHERN PERU"
624802,"2017-10-17 23:48:52.9",42.06,142.49,60,4.9,"HOKKAIDO - JAPAN REGION"
624804,"2017-10-17 23:49:30.0",9.47,-84.19,45,3.2,"COSTA RICA"
624800,"2017-10-17 23:50:00.2",42.24,9.05,5,3.1,"CORSICA - FRANCE"
624805,"2017-10-18 00:15:14.0",43.6,-74.52,0,2.2,"NEW YORK"
624816,"2017-10-18 00:22:14.4",-9.96,114.18,40,4.4,"SOUTH OF BALI - INDONESIA"
624812,"2017-10-18 00:31:06.3",43.96,-120.95,-2,2.4,OREGON
624811,"2017-10-18 00:42:08.3",45.76,11.76,11,2.0,"NORTHERN ITALY"
624815,"2017-10-18 00:46:29.5",6.15,123.88,565,4.7,"MORO GULF - MINDANAO - PHILIPPINES"
624814,"2017-10-18 00:46:53.0",2.57,-75.42,22,3.1,COLOMBIA
624822,"2017-10-18 01:30:10.7",41.18,-127.17,10,4.2,"OFF COAST OF NORTHERN CALIFORNIA"
624819,"2017-10-18 02:06:54.9",36.69,-121.32,1,2.0,"CENTRAL CALIFORNIA"
624821,"2017-10-18 02:25:49.6",45.59,26.54,127,3.4,ROMANIA
624820,"2017-10-18 02:26:47.4",36.96,27.68,4,2.6,"DODECANESE IS.-TURKEY BORDER REG"
624826,"2017-10-18 02:52:59.3",38.98,26.29,5,3.4,"NEAR THE COAST OF WESTERN TURKEY"
624828,"2017-10-18 03:26:02.0",19.43,-155.24,28,2.1,"ISLAND OF HAWAII - HAWAII"
624842,"2017-10-18 04:00:20.7",36.05,27.35,2,2.0,"DODECANESE IS.-TURKEY BORDER REG"
624831,"2017-10-18 04:07:34.0",6.76,-73.15,143,2.8,"NORTHERN COLOMBIA"
624837,"2017-10-18 04:08:04.7",38.84,25.97,2,2.1,"AEGEAN SEA"
624833,"2017-10-18 04:25:26.7",36.91,-117.81,12,2.0,"CENTRAL CALIFORNIA"
624834,"2017-10-18 04:25:55.4",19.26,-155.28,48,2.7,"ISLAND OF HAWAII - HAWAII"
624889,"2017-10-18 04:45:50.7",49.35,155.42,100,4.0,"KURIL ISLANDS"
624849,"2017-10-18 04:48:15.6",43.72,44.3,10,3.9,"CAUCASUS REGION - RUSSIA"
624850,"2017-10-18 05:13:38.6",43.53,44.31,10,3.3,"CAUCASUS REGION - RUSSIA"
624855,"2017-10-18 05:34:13.7",35.39,23.37,24,2.4,"CRETE - GREECE"
624838,"2017-10-18 05:41:16.4",39.28,-122.76,9,2.4,"NORTHERN CALIFORNIA"
624853,"2017-10-18 05:48:30.1",41.18,23.18,2,2.5,GREECE
624843,"2017-10-18 05:51:48.0",-37.32,-74.68,15,3.3,"OFFSHORE BIO-BIO - CHILE"
624846,"2017-10-18 06:00:24.0",66.53,-18.03,5,3.5,"ICELAND REGION"
624845,"2017-10-18 06:01:34.9",36.88,27.58,6,2.3,"DODECANESE IS.-TURKEY BORDER REG"
624852,"2017-10-18 06:53:21.0",16.51,-95.19,60,4.0,"OAXACA - MEXICO"
624854,"2017-10-18 07:05:51.1",38.37,-122.68,0,2.7,"NORTHERN CALIFORNIA"
624856,"2017-10-18 07:20:59.3",33.14,-116.65,3,2.1,"SOUTHERN CALIFORNIA"
624866,"2017-10-18 08:32:50.5",42.89,13.03,10,2.0,"CENTRAL ITALY"
624863,"2017-10-18 08:38:22.3",38.77,-122.72,2,2.0,"NORTHERN CALIFORNIA"
624865,"2017-10-18 08:42:40.0",-19.01,-69.32,112,3.2,"TARAPACA - CHILE"
624864,"2017-10-18 08:46:24.7",38.65,41.07,10,2.6,"EASTERN TURKEY"
624945,"2017-10-18 08:57:06.0",16.46,-95.23,82,3.7,"OAXACA - MEXICO"
624946,"2017-10-18 09:03:03.0",15.12,-94.32,16,4.0,"OFF COAST OF CHIAPAS - MEXICO"
624868,"2017-10-18 09:06:08.5",47.51,-0.32,2,3.0,FRANCE
624879,"2017-10-18 09:07:14.5",46.31,145.25,10,4.7,"SEA OF OKHOTSK"
624944,"2017-10-18 09:15:39.0",14.84,-93.34,43,4.0,"OFFSHORE CHIAPAS - MEXICO"
624943,"2017-10-18 09:26:25.0",16.47,-95.11,31,4.1,"OAXACA - MEXICO"
624871,"2017-10-18 09:37:48.7",45.47,6.33,2,3.2,FRANCE
624942,"2017-10-18 09:43:24.0",14.95,-93.96,27,3.7,"OFFSHORE CHIAPAS - MEXICO"
624874,"2017-10-18 10:00:00.1",45.4,6.31,2,3.2,FRANCE
624875,"2017-10-18 10:06:00.2",33.14,-116.66,3,3.4,"SOUTHERN CALIFORNIA"
624950,"2017-10-18 10:11:35.0",16.41,-94.99,20,3.5,"OAXACA - MEXICO"
624949,"2017-10-18 10:25:47.0",16.53,-98.64,16,3.4,"GUERRERO - MEXICO"
624917,"2017-10-18 10:43:17.0",46.9,-112.51,6,2.5,"WESTERN MONTANA"
624883,"2017-10-18 10:57:28.2",38.82,26.08,2,2.6,"NEAR THE COAST OF WESTERN TURKEY"
624882,"2017-10-18 11:02:49.2",33.21,-115.66,4,2.0,"SOUTHERN CALIFORNIA"
624948,"2017-10-18 11:24:48.0",14.94,-94.25,20,4.1,"OFF COAST OF CHIAPAS - MEXICO"
624947,"2017-10-18 11:26:12.0",15.06,-94.43,16,3.8,"OFF COAST OF CHIAPAS - MEXICO"
624886,"2017-10-18 11:28:44.9",38.77,-122.72,2,2.5,"NORTHERN CALIFORNIA"
624892,"2017-10-18 11:39:53.2",42.61,-111.46,2,2.5,"SOUTHERN IDAHO"
624963,"2017-10-18 11:44:31.1",35.68,-116.54,2,2.1,"SOUTHERN CALIFORNIA"
624897,"2017-10-18 11:57:02.4",42.61,-111.47,2,2.7,"SOUTHERN IDAHO"
624893,"2017-10-18 11:57:31.9",36.7,-121.34,3,2.3,"CENTRAL CALIFORNIA"
624895,"2017-10-18 12:01:00.4",-20.47,-174.03,15,6.0,TONGA
624941,"2017-10-18 12:05:25.0",16.39,-94.97,86,3.9,"OAXACA - MEXICO"
625074,"2017-10-18 12:19:15.2",50.74,9.96,1,2.1,GERMANY
624900,"2017-10-18 12:34:23.0",-24.07,-67.76,223,4.0,"ANTOFAGASTA - CHILE"
624901,"2017-10-18 12:44:43.0",-22.67,-68.7,97,3.1,"ANTOFAGASTA - CHILE"
624902,"2017-10-18 12:51:31.3",41.29,28.67,7,2.0,"WESTERN TURKEY"
624906,"2017-10-18 13:10:56.7",39.74,15.65,281,4.2,"SOUTHERN ITALY"
624909,"2017-10-18 13:21:28.4",33.08,-115.8,2,2.3,"SOUTHERN CALIFORNIA"
624916,"2017-10-18 13:34:27.0",0.76,122.01,37,2.1,"MINAHASA - SULAWESI - INDONESIA"
624910,"2017-10-18 13:40:56.5",-0.21,122.99,104,5.3,"SULAWESI - INDONESIA"
624911,"2017-10-18 13:44:27.0",38.83,-122.8,3,2.5,"NORTHERN CALIFORNIA"
624915,"2017-10-18 13:51:45.3",36.89,36.09,8,2.0,"TURKEY-SYRIA BORDER REGION"
624914,"2017-10-18 14:08:22.8",36.88,27.3,5,2.4,"DODECANESE IS.-TURKEY BORDER REG"
624922,"2017-10-18 14:36:30.0",-22.39,-68.9,89,3.1,"ANTOFAGASTA - CHILE"
624919,"2017-10-18 14:37:19.4",31.2,54.82,10,4.8,"CENTRAL IRAN"
624921,"2017-10-18 14:41:54.5",56.98,-157.79,7,3.0,"ALASKA PENINSULA"
624924,"2017-10-18 14:43:43.5",46.84,-112.62,4,2.4,"WESTERN MONTANA"
624930,"2017-10-18 14:44:45.1",46.9,-112.52,6,2.4,"WESTERN MONTANA"
624925,"2017-10-18 14:49:47.9",38.62,27.63,7,2.0,"WESTERN TURKEY"
624928,"2017-10-18 14:55:41.0",-22.95,-66.99,256,3.7,"JUJUY - ARGENTINA"
624929,"2017-10-18 14:57:48.6",39.68,23.82,2,2.3,"AEGEAN SEA"
624923,"2017-10-18 14:59:22.4",19.18,-155.49,34,2.2,"ISLAND OF HAWAII - HAWAII"
624927,"2017-10-18 15:06:40.2",45.43,6.3,10,2.5,FRANCE
624983,"2017-10-18 15:08:34.5",36.55,141.04,48,4.2,"NEAR EAST COAST OF HONSHU - JAPAN"
624951,"2017-10-18 15:14:48.5",41.16,32.81,6,2.0,"CENTRAL TURKEY"
624964,"2017-10-18 15:25:01.1",32.26,-115.27,12,2.1,"BAJA CALIFORNIA - MEXICO"
624952,"2017-10-18 15:30:31.0",17.28,-94.33,162,4.1,"VERACRUZ - MEXICO"
624953,"2017-10-18 15:32:37.1",36.98,27.62,12,2.3,"DODECANESE IS.-TURKEY BORDER REG"
625387,"2017-10-18 15:41:18.2",54.45,-161.6,15,3.0,"ALASKA PENINSULA"
624958,"2017-10-18 16:26:35.3",36.17,35.83,10,3.2,"CENTRAL TURKEY"
624981,"2017-10-18 16:26:57.5",-23.83,-175.5,10,4.9,"TONGA REGION"
624957,"2017-10-18 16:31:00.1",34.33,-116.46,3,2.4,"SOUTHERN CALIFORNIA"
624960,"2017-10-18 16:38:57.0",5.27,-73.77,145,3.4,COLOMBIA
624959,"2017-10-18 16:44:36.3",-5.57,147.25,210,5.6,"EASTERN NEW GUINEA REG. - P.N.G."
624966,"2017-10-18 17:04:37.6",38.48,31.76,7,2.0,"WESTERN TURKEY"
624971,"2017-10-18 17:35:39.7",37.93,47.23,20,4.4,"NORTHWESTERN IRAN"
624972,"2017-10-18 17:40:06.0",-23.91,-67.25,232,4.0,"SALTA - ARGENTINA"
624975,"2017-10-18 17:46:02.0",50.33,105.1,10,4.5,"RUSSIA-MONGOLIA BORDER REGION"
625388,"2017-10-18 18:44:18.4",54.0,-162.89,15,3.3,"ALASKA PENINSULA"
624973,"2017-10-18 19:05:53.8",39.41,21.87,2,2.5,GREECE
624974,"2017-10-18 19:18:13.1",36.89,-121.62,1,2.1,"CENTRAL CALIFORNIA"
624976,"2017-10-18 20:00:28.0",33.3,-116.21,3,2.0,"SOUTHERN CALIFORNIA"
624977,"2017-10-18 20:15:40.2",39.42,-114.04,7,2.8,UTAH
624979,"2017-10-18 20:21:08.6",45.91,-119.3,0,2.9,OREGON
625498,"2017-10-18 20:31:38.8",38.98,23.26,10,2.2,GREECE
625145,"2017-10-18 20:51:51.5",2.59,98.93,158,4.7,"NORTHERN SUMATRA - INDONESIA"
624982,"2017-10-18 20:57:33.4",51.5,16.11,2,2.7,POLAND
624985,"2017-10-18 21:39:17.0",37.22,36.3,14,2.1,"CENTRAL TURKEY"
624984,"2017-10-18 21:47:16.3",37.62,30.05,7,2.4,"WESTERN TURKEY"
624986,"2017-10-18 21:57:18.1",36.84,28.29,52,2.3,"DODECANESE IS.-TURKEY BORDER REG"
624989,"2017-10-18 22:52:28.4",38.19,22.62,8,2.3,GREECE
624988,"2017-10-18 22:56:16.0",6.77,-73.16,142,2.3,"NORTHERN COLOMBIA"
624990,"2017-10-18 23:01:10.4",39.39,21.48,1,2.5,GREECE
